date,imports_animal_vegetable_oils,imports_beverages_and_tobacco,imports_chemicals,imports_crude_materials,imports_food_and_live_animals,imports_machinery_and_transport,imports_manufactured_goods,imports_mineral_fuels,imports_miscellaneous_manufactures,imports_other,imports_animal_vegetable_oils_yoy,imports_beverages_and_tobacco_yoy,imports_chemicals_yoy,imports_crude_materials_yoy,imports_food_and_live_animals_yoy,imports_machinery_and_transport_yoy,imports_manufactured_goods_yoy,imports_mineral_fuels_yoy,imports_miscellaneous_manufactures_yoy,imports_other_yoy
2015-01-01,50875609.0,251525349.0,2987968563.0,374349965.0,1825997539.0,6922716836.0,2056294751.0,685440160.0,1922517955.0,93034230.0,,,,,,,,,,
2015-02-01,61570473.0,286780164.0,3120163690.0,408921422.0,1848676746.0,7644005870.0,2087633037.0,784649577.0,1996508447.0,205227884.0,,,,,,,,,,
2015-03-01,58500445.0,324517880.0,3350574207.0,498633083.0,2011749534.0,8495389082.0,2169024179.0,763255557.0,2271495602.0,98114084.0,,,,,,,,,,
2015-04-01,56912319.0,313423880.0,2959516697.0,414023983.0,1928980406.0,7419886632.0,2044419610.0,634943692.0,1930872176.0,142037889.0,,,,,,,,,,
2015-05-01,51813990.0,311137277.0,3037097337.0,393158270.0,1835439660.0,7126097686.0,1906700337.0,681798557.0,1887498170.0,138954765.0,,,,,,,,,,
2015-06-01,52161894.0,367314013.0,3282355893.0,405574579.0,1973888888.0,7894122747.0,2176296581.0,745816857.0,2159887493.0,66627689.0,,,,,,,,,,
2015-07-01,68464551.0,369329415.0,3126642583.0,401796416.0,1937259315.0,8004555106.0,2126305253.0,586390070.0,2189011693.0,66986214.0,,,,,,,,,,
2015-08-01,52618893.0,315507742.0,2791621762.0,334228835.0,1804211226.0,6262748518.0,1778722390.0,598977088.0,1959951304.0,112794828.0,,,,,,,,,,
2015-09-01,64190830.0,370430727.0,3174094399.0,350187304.0,2027979474.0,8075887159.0,2080109057.0,577605138.0,2273353121.0,119577022.0,,,,,,,,,,
2015-10-01,61059163.0,401629161.0,3198811216.0,396439023.0,2092895621.0,8268152834.0,2122125399.0,525516510.0,2391976282.0,145374386.0,,,,,,,,,,
2015-11-01,,400782419.0,,1783006.0,1917569642.0,,,,,,,,,,,,,,,
2016-01-01,59383722.0,250902312.0,3033126850.0,349113543.0,1745730989.0,6858433637.0,1899986640.0,456475585.0,2008709798.0,98246012.0,,,,,,,,,,
2016-02-01,61141286.0,298342210.0,3264112977.0,394670787.0,1913444013.0,8406449705.0,2051265844.0,572737658.0,2203140006.0,195294201.0,20.17799334844326,18.61317803002034,9.241878158274307,5.42829541869998,4.7889699811912045,21.432811772455974,-0.24456158328247657,-16.442354646976042,14.596589346287804,109.91650170050313
2016-03-01,60129864.0,325947182.0,3058064062.0,471586348.0,2028591142.0,8915195378.0,2164185087.0,602607409.0,2425651040.0,304105790.0,-2.33977250751346,13.657505963348292,-1.9902682733930588,15.324441965772095,9.73206356326397,16.629886601591526,3.666930377285449,-23.200441743180853,21.494654512723944,48.179567061169905
2016-04-01,61284856.0,339816739.0,3213589600.0,413285638.0,1992176189.0,7911206801.0,2153090940.0,563964401.0,2168492296.0,100904482.0,4.759640717262914,4.7143346924366725,-4.088391975137052,-17.116282073887177,-0.972951387297305,-6.8764629302001445,-0.7345809767480671,-26.110672129701896,-4.5346029245800885,2.844034094024672
2016-05-01,67202747.0,362417563.0,2987772845.0,392423724.0,1968697364.0,7846297922.0,2037294825.0,521518324.0,2166015121.0,199289893.0,18.081196093942342,15.631764561143214,0.95475548519941,-5.217151635392092,2.058961194030906,5.746870688845851,-0.3484991517959446,-17.86384673619216,12.178068953643661,40.307557654563574
2016-06-01,61589595.0,370342948.0,3374652537.0,430945191.0,2117044037.0,8754580737.0,2206186173.0,552008084.0,2315818205.0,202902247.0,18.8667288506444,19.028793840090085,11.114401764068326,9.611122004377526,15.342611535374573,22.852381804972065,15.707021716438696,-19.036483968387163,22.692474186610735,46.02035921546124
2016-07-01,58075411.0,355636620.0,3364482846.0,409946315.0,1986677789.0,7931285016.0,2174793951.0,638021948.0,2403343051.0,133948178.0,11.336852530699893,-3.1791308217799963,2.5020733789149707,1.0779117396309879,0.6479037942686894,0.47075869214374677,-0.06904527687625617,-14.453267982383512,11.271677751226283,101.03980793930884
2016-08-01,80526258.0,330783619.0,3479999281.0,411786244.0,2068670114.0,7311180402.0,2165010237.0,565968026.0,2278224288.0,149630926.0,17.617448480747356,-10.436698089698593,11.30147398110839,2.4862909678119216,6.783335508184152,-8.662251615711469,1.8202929210371366,-3.4826722082793804,4.075473661711504,123.37570234974021
2016-09-01,64329691.0,378079733.0,3534404113.0,413579235.0,2224692559.0,9463189539.0,2380018034.0,669905500.0,2569375058.0,256606439.0,22.255880601669055,19.83215708221828,26.607556980349976,23.741338774675146,23.305549092066236,51.10281870334554,33.80491792201481,11.84159017448092,31.093821196284168,127.49840888094619
2016-10-01,65017819.0,422157784.0,3146974681.0,444507028.0,2306432274.0,8469638457.0,2341692280.0,620430995.0,2563713486.0,122736249.0,1.288328878127909,13.964029771212804,-0.8544080481205585,26.93407868378919,13.730553172255622,4.8756414032010476,12.575457143447256,7.414382972472788,12.772338899654834,2.642001738427635
2016-11-01,,455846566.0,,156717465.0,2271931176.0,,,,,,,13.4993696336706,,-60.468708702271215,8.554442620241876,,,,,
2017-01-01,59090929.0,286068467.0,3414785768.0,475225108.0,2122188233.0,7816366229.0,2302242605.0,854964737.0,2322141569.0,79007794.0,,-28.622501028419613,,26553.02909805127,10.670725407739855,,,,,
2017-02-01,78052070.0,308147702.0,3296228054.0,461458281.0,2091381083.0,8869621932.0,2375892810.0,933227339.0,2363401462.0,88569344.0,31.436810242375856,22.815808090281763,8.674256534968205,32.17999996064318,19.79973410439355,29.3243093313611,25.047869283965074,104.44189561638879,17.657685761933053,-9.849425745647567
2017-03-01,86052310.0,355070858.0,4231410180.0,564423032.0,2379692586.0,10365947559.0,2564672760.0,617877908.0,2741169739.0,220384379.0,40.74337592441219,19.01462350902341,29.63430524053212,43.011099526857045,24.366982772022183,23.30945788963119,25.02878490868101,7.881488037233275,24.42104140157855,12.847374817852364
2017-04-01,64382285.0,335242749.0,3603699524.0,447813824.0,2193910991.0,7565082073.0,2189509622.0,521593012.0,2285520614.0,126776466.0,7.0720615632857475,2.851862974535546,17.842512482984073,-5.040969506606663,8.14949082529317,-15.143956444652584,1.170164934234208,-13.443976258844836,-5.777023309997631,-58.31172237792644
2017-05-01,81043059.0,391035802.0,3881661747.0,495445363.0,2262272565.0,8172955615.0,2463286486.0,618693902.0,2499582071.0,145674029.0,32.23994358410502,15.072554445294696,20.788969039481575,19.879646773498582,13.557855850871237,3.308582629478396,14.406987658403313,9.70442476563338,15.268201579997687,44.36824421733814
2017-06-01,82191422.0,392330843.0,3704688012.0,474318468.0,2352773355.0,9211654353.0,2655621251.0,570415853.0,2963343422.0,116232357.0,22.303664164204484,8.253816330639573,23.994968968265052,20.868958473061117,19.509143356581447,17.40128203865059,30.35036551472121,9.375994428145917,36.81083724992149,-41.67674273376222
2017-07-01,80976394.0,403436481.0,3377093522.0,461662524.0,2204321437.0,8455345283.0,2506720785.0,668438686.0,2657487235.0,103027978.0,31.477393218773408,8.93591552876012,0.07233292830111093,7.127897849079368,4.12260673253062,-3.4180443700213226,13.62235951244899,21.092191468703202,14.753706886935891,-49.22285015404487
2017-08-01,129855778.0,391625478.0,3888000732.0,485394955.0,2231755363.0,7936224149.0,2495452152.0,672823583.0,2583641471.0,121770286.0,123.59855188971456,10.11955911626874,15.56012944522529,18.404517186597968,12.336050433390122,0.06227405760903526,14.744302597152114,5.454614078573994,7.5019843681899845,-9.091495070578715
2017-09-01,66294679.0,388020453.0,3923537878.0,474584583.0,2378178108.0,9140911555.0,2635374753.0,671998941.0,2754380933.0,145455787.0,-17.673215362869588,17.3034064301715,12.745364616068144,15.25022749424334,14.961689246891696,25.026480710275866,21.725740967016026,18.734435538589956,20.900341002773114,-2.7902914936181022
2017-10-01,82529235.0,462055458.0,3807343446.0,458377526.0,2466488132.0,9314635781.0,2625311117.0,742457771.0,2930628712.0,129793627.0,28.291048374536732,22.211115188234643,7.722357836674454,10.831852087544958,10.868718557169398,-1.5698064314127458,10.306353964375049,10.830224710798753,14.059981351309592,-49.419185463229944
2017-11-01,,473475402.0,,141103631.0,2368323413.0,,,,,,,12.156027898800993,,-68.25615297133166,2.6834145401834597,,,,,
2018-01-01,70455259.0,299458238.0,3588244056.0,457173073.0,2191343322.0,8636814999.0,2502756087.0,1146086920.0,2567119059.0,186180374.0,,-34.307229595319576,,191.718011773608,-3.5471080660939847,,,,,
2018-02-01,100102215.0,305498923.0,3433390459.0,438556198.0,2117601206.0,8500337932.0,2446033935.0,1069333283.0,2616632765.0,126509981.0,69.40369138552552,6.792239705329006,0.5448274727611002,-7.716113770655397,-0.2161460952742944,8.750507370833693,6.24570710696235,25.07337866965149,12.681879517225948,60.12341896294433
2018-03-01,70753021.0,349391976.0,3421209964.0,519193676.0,2382335880.0,9616007673.0,2709754666.0,1301040646.0,2829568290.0,190347462.0,-9.351512394226058,13.384579450798562,3.791664531473593,12.51150913900274,13.91208897149616,8.415079545918115,14.052058855298277,39.41304456362482,19.724402963071363,114.91348293152086
2018-04-01,65238050.0,362753055.0,3434255237.0,456635292.0,2259688276.0,8509428177.0,2609336234.0,734051567.0,2490939342.0,152963461.0,-24.18791546676666,2.163567306895131,-18.838990055083716,-19.096977601721964,-5.042849261539029,-17.909789446967817,1.7414882201189696,18.80204122786018,-9.1285991319635,-30.592421434733353
2018-05-01,85316923.0,379727055.0,3516513310.0,519360480.0,2374583055.0,8539953451.0,2819442976.0,1175858909.0,2626905155.0,211329482.0,32.5161463281398,13.269282074763078,-2.4193530403785135,15.976875247156276,8.235159254006398,12.88646135749596,28.77052229734389,125.43609326575869,14.936839287680993,66.69456774414266
2018-06-01,68220741.0,398887747.0,3723493519.0,483834922.0,2401044604.0,9016761113.0,2786575684.0,756133635.0,2732796405.0,180868392.0,-15.82161157070836,2.0079862150320427,-4.074755563702648,-2.3434351932767994,6.134187416095016,10.324361684423522,13.124303642203316,22.214496143522688,9.330133093277414,24.159668845295677
2018-07-01,77384386.0,428634728.0,3516521947.0,524282301.0,2331740890.0,8668078100.0,2765485082.0,739576867.0,2756209492.0,181290767.0,-5.848585999643607,9.253385413799853,-5.079133907916233,10.533815647254109,-0.8939435222395264,-5.900962326305381,4.137029365864198,29.655735041431264,-6.989872603432601,55.97271850901209
2018-08-01,82164620.0,426936273.0,3860897784.0,479800861.0,2351470519.0,6971090207.0,2611315312.0,840723723.0,2728225555.0,119038369.0,1.467373318698284,5.8249050610770015,14.326054604300055,3.928916915941838,6.675482056748705,-17.554044528307877,4.172563918003336,25.774246854407835,2.661849850804643,15.539847826577757
2018-09-01,73151238.0,375748551.0,3494416053.0,456086730.0,2316289894.0,8666515515.0,2552396922.0,856953418.0,2870678241.0,204868792.0,-43.66732144949299,-4.05410982990233,-10.123060825596575,-6.038015990504064,3.787804541729245,9.202000249602582,2.281941970089907,27.366733219872884,11.109775610193395,68.24202252427986
2018-10-01,79789041.0,509980448.0,3738254389.0,502801412.0,2585835685.0,9674892950.0,2986494198.0,835034753.0,3112727889.0,142045234.0,20.355120808413595,31.431331533443686,-4.722357595651583,5.945584835822615,8.731792471785727,5.84166460628226,13.323321269595546,24.26131978085959,13.010072488764202,-2.3447351737198363
2018-11-01,,476653485.0,,27205744.0,2408933887.0,,,,,,,3.159366856781065,,-94.06477358578003,-2.3334490952255704,,,,,
2019-01-01,77304187.0,400859388.0,4063206913.0,507286469.0,2379426075.0,9060748484.0,2602746444.0,926641619.0,2768534145.0,88981156.0,,-15.33680814109114,,259.51340543461987,0.46879838872748714,,,,,
2019-02-01,73184267.0,449451391.0,4129734603.0,505950825.0,2378813732.0,9874634830.0,2593701046.0,717091616.0,2653483348.0,80587479.0,3.8733914809680803,50.08817055819317,15.090683313320309,10.66942803081492,8.555045123139315,14.331901645957679,3.6337923408674477,-37.43130617004162,3.364249456885049,-56.7153737697401
2019-03-01,76391440.0,474295164.0,5233507310.0,568131800.0,2660903193.0,10901265593.0,2982269340.0,772588702.0,3738998251.0,103721315.0,-23.68656377883347,55.2526468317533,52.42971553909126,29.54595160002733,25.656482696581918,28.245084844939793,21.92264781477775,-27.750429703963498,42.89350423998073,-18.013334457776896
2019-04-01,79405616.0,355436425.0,2871640366.0,531350172.0,2421904109.0,8068825584.0,2624573728.0,649104669.0,2748371903.0,70224436.0,12.229294067881558,1.7299907883402632,-16.063603338669573,2.341418349633373,1.6609005191996706,-16.089651148513596,-3.1434926219995996,-50.10880935998059,-2.8695680286974112,-63.10723806761342
2019-05-01,70542275.0,388074957.0,3158012973.0,493091836.0,2356179179.0,8476531482.0,2766928277.0,694392931.0,2700724603.0,98096467.0,8.130569506599294,6.980479323599353,-8.043731316875324,7.983733329135667,4.270097961069386,-0.3865911353352236,6.039545266208113,-5.402704357962362,8.421933744543185,-35.8693466016698
2019-06-01,78274593.0,351343686.0,3207737135.0,466884829.0,2186915583.0,8164087039.0,2897513209.0,835545734.0,3016900105.0,212145529.0,-8.254317845007142,-7.474676514687639,-8.780748081399981,-10.103897585738519,-7.903175742993751,-4.401270032168469,2.768994927883228,-28.941667439456374,14.846175517897597,0.38614915073704736
2019-07-01,77145754.0,391745867.0,3671557029.0,483016058.0,2329128394.0,9239584774.0,2728227283.0,740964585.0,2991449216.0,135723196.0,13.082550657138125,-1.7904485795097624,-1.3948322921735201,-0.16924450112346667,-2.995205081996055,2.47121619623194,-2.0939105058235374,-2.006133479302241,9.464766951784686,-24.960246232520277
2019-08-01,68903242.0,368684712.0,3487187265.0,424246353.0,2315289423.0,7598365063.0,2545066174.0,635867248.0,2889414733.0,285062649.0,-10.959761314123496,-13.986271313042087,-0.8341959027164836,-19.08055027018736,-0.7055443883389634,-12.340832935042434,-7.970352450449414,-14.022831652467026,4.832914239161901,57.24057750828535
2019-09-01,74630354.0,428089018.0,3497614434.0,405514806.0,2459577083.0,9815533974.0,2780876428.0,568379061.0,3031673350.0,448050585.0,-9.169720495269129,0.2700039965917833,-9.409297275506423,-15.482684804936186,4.5974024818297154,40.80342790778637,6.493322166832982,-32.39407364742579,11.122533268698165,276.39173718853624
2019-10-01,94960210.0,563640706.0,4338384806.0,472165460.0,2885868065.0,10183283521.0,2817320949.0,719970713.0,3414432443.0,136102616.0,29.813537810528913,50.004758368316374,24.151925248724805,3.5253667652202836,24.59010732963116,17.5014745358129,10.37942119098043,-15.984848431983266,18.94166313151777,-33.565959621609906
2019-11-01,,364097090.0,,159743815.0,2233241887.0,,,,,,,-28.605676663117872,,-68.22924296004165,-13.63558404137346,,,,,
2020-01-01,66429003.0,309085235.0,3170827400.0,435307532.0,2254227036.0,7408437912.0,2298159715.0,570721943.0,2670300248.0,134664925.0,,-35.15515049680168,,1500.057443751584,-6.4222124083557315,,,,,
2020-02-01,65775329.0,291550618.0,2788231270.0,541088806.0,2175968308.0,8274206483.0,2251755373.0,417163135.0,2510713203.0,95228176.0,-14.913626864738905,-27.268606716527742,-31.378555665496332,6.663362629528358,-8.550707632301624,-8.680761886161193,-13.48541160469644,-54.98117865133359,-9.312543335094025,7.020610071642586
2020-03-01,78810290.0,363038084.0,3571007486.0,515333354.0,2537382582.0,8379342323.0,2428386942.0,496686656.0,2559476398.0,281668576.0,7.687476052742315,-19.226396609372152,-13.529371030141235,1.8544349641093971,6.665879209747216,-15.142762570390666,-6.373676112555337,-30.735955501674695,-3.542775200411774,249.51903136217973
2020-04-01,84743268.0,342458806.0,3016169831.0,385264853.0,2325000024.0,3394079745.0,1547391654.0,241744550.0,1410602588.0,29930618.0,10.932936988751617,-27.79626865434369,-42.36809748527895,-32.18741619462244,-12.623652370505456,-68.86526875210313,-48.11361826896561,-68.70980000429776,-62.27324825245017,-71.14323319175043
2020-05-01,65635441.0,354863043.0,2876310292.0,367666031.0,2299560439.0,3845488144.0,1470457924.0,226846603.0,1605078656.0,80120325.0,-17.341563095486844,-0.16131773776421054,0.16262224390253266,-30.805323800666805,-5.051548884423651,-52.34141444790461,-43.97345716325024,-65.05238464091221,-41.59892792354747,14.091802745129911
2020-06-01,75258455.0,422223633.0,3018249466.0,469431703.0,2377474808.0,6320791368.0,2281296294.0,382206570.0,2207539419.0,257181080.0,6.685608027243228,8.79950519455961,-4.425678684506151,-4.79832178766797,0.903820439031211,-25.431865835427324,-17.551303625641467,-44.95817095234802,-18.261217136029472,162.17160297934075
2020-07-01,93981654.0,478374774.0,3080538064.0,488638953.0,2305808137.0,7149228415.0,2206095883.0,328084785.0,2517882114.0,155248359.0,20.066614718776,36.1557907717744,-3.9653832482754225,4.659419764526129,5.436540620232977,-12.430766834699348,-23.862439137546655,-60.73407215792213,-16.540752879850494,-26.81987702884844
2020-08-01,75158883.0,400264760.0,2872900265.0,472497054.0,2195329490.0,5686626031.0,1918015487.0,418714837.0,2403927509.0,275583761.0,-2.5754768045951004,2.1745967775583352,-21.75253598655188,-2.177775215912181,-5.744591167437374,-38.45366247407516,-29.69737166139175,-43.49057357444418,-19.640036135582516,103.0483875431286
2020-09-01,76985974.0,453861835.0,3133025987.0,528616419.0,2478748497.0,8723408938.0,2416159119.0,413052761.0,2988498861.0,379020087.0,11.730553984673175,23.102971245523186,-10.156072819909202,24.601287733403332,7.059984482985304,14.806394081779061,-5.064978518707863,-35.04103847160249,3.429211004857158,32.96027674253459
2020-10-01,85973629.0,527493286.0,3525765686.0,608428914.0,2615714797.0,8653302487.0,2491586883.0,443297514.0,3049473853.0,284809449.0,15.19927803102743,23.220466730122947,0.8048700773402695,50.038643471873634,6.348152903163151,-11.840736225645909,-10.402819128790142,-22.006712699783993,0.5871510860495643,-36.4336397418162
2020-11-01,85153613.0,551739150.0,656210580.0,518800702.0,2557308580.0,,,414390116.0,,,-10.32705909138154,-2.1115501193059716,-84.87431130838236,9.876885530762891,-11.385118016474538,,,-42.443476030670155,,
2021-01-01,60436056.0,238999200.0,2470039025.0,426670073.0,1753387173.0,5421282180.0,1793948512.0,933407254.0,1643262129.0,219739160.0,,-34.358387758605815,,167.09645878934342,-21.48691177580443,,,,,
2021-02-01,44402882.0,262148124.0,2463949781.0,571286392.0,1901149291.0,6402014419.0,2089064977.0,573192652.0,1835256697.0,75353686.0,-33.15738608932607,-15.185814683124544,-22.29315979166826,31.23742412065593,-15.662918568597984,-13.58482725987108,-9.09835537692384,0.43290941066900235,-31.27152280442734,-44.04356888031534
2021-03-01,73119868.0,372238189.0,3090598170.0,753272198.0,2169882519.0,8163077334.0,2454483537.0,476006674.0,2283615126.0,161787950.0,11.16609998256337,27.6753215457084,10.844398140617661,39.214152953665064,-0.2796818766902742,-1.3430792333781305,9.003116698680568,14.105642148844243,-9.04516201725649,69.89504240845692
2021-04-01,65143415.0,383857771.0,2774269766.0,592342891.0,1978883136.0,6524139807.0,2293397676.0,413695583.0,2116702184.0,106122951.0,-17.341485483684938,5.734849294764355,-22.31128674816786,14.943635299802471,-22.010848894524337,-22.140192445745477,-5.55880381603534,-16.708939529070012,-17.299406017027085,-62.32346806056207
2021-05-01,61284788.0,365705515.0,2936339537.0,579664374.0,2013265772.0,6027375318.0,2307494691.0,496269721.0,2087171426.0,237154044.0,-27.681821286382302,6.788176736211593,-2.6467439989456,50.45867005158657,-13.40792467879992,77.5849647280459,49.12156757696975,105.28682901020932,47.96310766445298,692.3459649246133
2021-06-01,80847019.0,442684858.0,3371017690.0,589287243.0,2187907194.0,7145474030.0,2547205460.0,599927932.0,2258662142.0,134306990.0,23.17586012715296,24.7480871092006,17.199375163936594,60.27785906607184,-4.855416848645833,85.81448602692663,73.22532106671827,164.4641462847914,40.71971697815662,67.63160908296366
2021-07-01,81795993.0,438446984.0,3512033451.0,643454592.0,2112247315.0,6585438481.0,2476946217.0,751876312.0,2225494792.0,284387384.0,8.686782103087287,3.8423597667258003,16.359946073456875,37.07097068388667,-11.155848722667095,4.186930047079507,8.576260940526481,96.71988160747733,0.8133659061967613,10.578656874759208
2021-08-01,91993867.0,423618875.0,3186290254.0,629432966.0,1997921135.0,5249150114.0,2247308833.0,775721042.0,2104048578.0,159853714.0,-2.115079821855448,-11.44623462105885,3.4329129458210206,28.813505786960867,-13.35267219590005,-26.577389764375013,1.8681395635422593,136.43920031219977,-16.435778851559057,2.966443593777379
2021-09-01,81537445.0,436081885.0,3609063642.0,663792014.0,2217739434.0,7103923444.0,2574344956.0,1001947004.0,2446046316.0,195497193.0,8.486770618983265,8.948358331620309,25.624397267407396,40.485958246842316,1.0208009368106286,24.923344796611623,34.21919548869627,139.2910199167363,1.7520830741489801,-29.060699262319744
2021-10-01,96179852.0,499814241.0,3225480869.0,552091870.0,2162831696.0,6914524241.0,2391710767.0,1042874773.0,2335029215.0,143300746.0,24.93165573251044,10.124756579279248,2.9509771825585673,4.440923542331365,-12.74501230691013,-20.73598417609802,-1.0118684571618242,152.4797971269341,-21.86615007714403,-62.191780616629956
2021-11-01,88253256.0,499769853.0,910493032.0,476483064.0,2209910326.0,,,905079118.0,,,2.651542137415186,-5.255694003278744,-74.17601981846505,-21.686321436065082,-15.514094711909065,,,104.1696805003964,,
2022-01-01,82595190.0,397893037.0,3868625849.0,575529174.0,2447252483.0,7832051451.0,2792009152.0,1067262267.0,2473171360.0,1068310216.0,-3.0044796807388585,-27.883849279138516,489.5403041200585,10.93454033144312,-4.3035908087400205,,,157.55012626797304,,
2022-02-01,118964498.0,420996431.0,3686579215.0,635871615.0,2524300778.0,8912941474.0,2806851146.0,908404075.0,2608903088.0,1074595279.0,96.84358291017534,76.14972393213031,49.251861111789516,49.03121996090876,43.96710645949273,64.40652189036211,56.46219092825335,-2.6786998807703744,58.76365930660354,389.0322139212692
2022-03-01,139043775.0,526724207.0,4789163976.0,845481474.0,2806377911.0,11184786181.0,3280457486.0,1295193835.0,3152371330.0,1188761380.0,213.14132942992305,100.92617828537276,94.369382563321,47.99608144700915,47.61480985661319,74.70729443853818,57.02994028988502,125.9613465875344,71.76732471010838,1477.5756211846094
2022-04-01,149779952.0,432152974.0,4643804049.0,751267791.0,2594529591.0,9456939181.0,2864204751.0,1064578456.0,2661308903.0,1116034699.0,104.84166081919075,16.095818959617823,50.25583377602272,-0.266093319960814,19.570048990288225,15.850172601096668,16.692766841727646,123.64780036676547,16.539292138144646,589.8132394903329
2022-05-01,178942290.0,557312769.0,4998699016.0,852390968.0,2984917929.0,9514599357.0,3290093347.0,1229861703.0,2899142050.0,1186127221.0,174.68975950984452,45.187309233867246,80.18071195748308,43.901611879056034,50.83851464991209,45.836840387623525,43.45934773677691,197.28664108071948,36.9650426930348,1017.6915170781484
2022-06-01,154580815.0,544971086.0,4490805495.0,677415575.0,2858685646.0,9574543683.0,3293807369.0,1595641307.0,2808723936.0,1324078304.0,152.23358037886987,49.01910516717256,52.93890363878584,16.86341362079291,41.992462483487756,58.85096211624366,42.74387637150148,221.52703247434272,34.57083117426696,458.3199348690002
2022-07-01,172949346.0,559212268.0,4250906255.0,598767179.0,2763920028.0,9071467851.0,3230910724.0,1621157981.0,2850429045.0,1966379764.0,113.92173532087808,26.3228813667713,26.101570680277277,1.6087122388291686,26.32711458601291,26.954038499248444,26.841386560156,170.22545451342648,26.199885852604865,1364.0933908205373
2022-08-01,165469480.0,549888018.0,4738861227.0,642360669.0,2660222599.0,7793208184.0,2900954005.0,1422547343.0,2772629620.0,1507017698.0,102.29533737673435,25.417219884445586,34.93212103804646,-0.17000780064369003,25.942761536898917,18.34000433660721,17.11816692223318,89.1996489709866,24.584862205330204,429.91721250194416
2022-09-01,117407976.0,507094690.0,3996474615.0,637966089.0,2630351614.0,8869901973.0,2798640256.0,1180648507.0,2773595789.0,1106575379.0,27.62587314652183,19.705405005855802,25.427198918331804,1.3556841571593203,31.65442658976627,68.97786842374917,24.532962043494976,52.20013936401637,31.821851358414776,592.2425205585151
2022-10-01,142121496.0,597889149.0,4474805325.0,611016810.0,2930732391.0,8864177990.0,3023643872.0,1589296137.0,3020082200.0,1240722100.0,74.30212094578141,37.10478916132918,23.987986050593445,-7.950563261823151,32.14953686935254,24.778624936994742,17.452941376516918,58.6207784099527,23.467907383647436,534.6495726923303
2022-11-01,,,,,2624828044.0,,,,,,,,,,21.36071654833007,,,,,
2023-01-01,144434746.0,401832241.0,3955851869.0,584065106.0,2856251966.0,9031883587.0,2707289443.0,1210324390.0,2666484338.0,1134063731.0,63.659396317343806,-19.596542570966157,334.47360166068796,22.578355901438705,29.247414811165505,,,33.72581091855442,,
2023-02-01,121278661.0,456937797.0,3949992075.0,618697078.0,2768698727.0,10388819317.0,2861467213.0,1322685346.0,2774617723.0,1240851714.0,46.835016663803295,14.839354929450543,2.1032332713444513,7.500558781404187,13.134984895630808,32.64493194402536,2.487744746475684,23.932550310991175,12.188656551481337,16.150879717881494
2023-03-01,147697620.0,553262937.0,4617413674.0,737811578.0,3204620994.0,12607273880.0,3237506615.0,1113362250.0,3415851407.0,1413655697.0,24.152686291333737,31.417488667498937,25.24927323445565,16.031532245703396,26.95083810650396,41.44908184101468,15.34301060509462,22.5624455724728,30.93055938764713,31.55238298790255
2023-04-01,125081931.0,501357375.0,3393401657.0,575753823.0,2891721630.0,9713898972.0,2753737622.0,1170677724.0,2631679581.0,1330216834.0,-10.041329789844966,-4.815960926587904,-29.14417476608865,-31.90225443071033,3.041062953976481,-13.150785229123551,-16.056292948403716,-9.613704731693694,-16.517462395523054,11.899398515116633
2023-05-01,147508919.0,574971443.0,3878384425.0,649121005.0,3238014729.0,11457502149.0,3304074235.0,903999655.0,2913498358.0,1393574661.0,-1.5162463131247361,33.04812823062975,-16.482599522364126,-13.596587957542294,24.801611060137652,21.1544446856478,15.357473443420044,-15.08379209582652,9.476143664334336,24.86839900665132
2023-06-01,129688428.0,630697741.0,4813400780.0,578780233.0,3085051394.0,11759569919.0,3194355218.0,1050874738.0,2965653254.0,1338844658.0,-27.52499814325613,13.167645904054282,-3.7069292511289653,-32.09920626470082,3.3546471756275897,23.595008867591982,-2.909890963649908,-14.553422109445101,2.294168510991046,12.875299908491012
2023-07-01,113420044.0,657595314.0,3979520091.0,534835454.0,2929183430.0,10976648348.0,2936915539.0,979559842.0,2870716870.0,1511267025.0,-26.627347643366996,20.666092365861765,-11.385160291828667,-21.047659112355067,2.4660908099022327,14.6440886523866,-10.835236855649889,-38.610273016703744,2.2071565384345515,14.137284814237084
2023-08-01,131333170.0,551374832.0,3646534347.0,537122023.0,2909545850.0,9230781270.0,2598717946.0,1249096855.0,2780382581.0,1275910398.0,-24.06263854851466,-1.4015136019870034,-14.217483796287578,-10.295346532345583,5.268814601172678,1.756203313694571,-19.567014752339528,-22.950331205259634,-2.457400724388137,-35.113734317294366
2023-09-01,127342030.0,506777000.0,3502194188.0,540895707.0,2943929100.0,10034336161.0,2812149042.0,1142244633.0,2792252772.0,1196404830.0,-23.04198333130678,-7.83996315409804,-26.09629148779461,-15.795637388253603,10.664765463861837,28.757450386109173,-3.061233058053947,-19.70427988771689,0.7077451621540387,-20.61109623412001
2023-10-01,141906198.0,616063992.0,3623187961.0,528535509.0,3283262123.0,12184938979.0,2894807572.0,1520834663.0,3163379585.0,1445718730.0,20.865892450100667,21.488945585290974,-9.340398475169598,-17.153040245686157,24.822176074289672,37.373998225583314,3.436215704888368,28.81349986749273,14.053374235202941,30.648011643497817
2023-11-01,,129166240.0,,,3266352708.0,,,,,,,-78.3962896439855,,,11.451755814712318,,,,,
2024-01-01,140085111.0,412142813.0,3424454989.0,498679622.0,3140876620.0,9736909025.0,2645988886.0,1174207668.0,2601520725.0,1957604121.0,,,,,19.660281258409174,,,,,
2024-02-01,120202305.0,459362155.0,3403055913.0,555276804.0,2966607699.0,10584203969.0,2700974827.0,1129396147.0,2759657009.0,1716745102.0,-16.777431796085963,14.316898479034679,-13.974131850891103,-4.928954273121732,3.8636553887277048,17.187116807332693,-0.23324495341002782,-6.686491957746965,3.4942140732723947,51.37994938663637
2024-03-01,122281641.0,485885462.0,3955310066.0,608424612.0,2943259505.0,10537413972.0,2701624443.0,1295213491.0,2733407111.0,1496426032.0,0.8270045131847148,6.3351434681163,0.13463295366231698,-1.660338534845962,6.30479496731462,1.4303324609452384,-5.586042337784425,-2.0769758342813027,-1.4852717063827403,20.59668493152438
2024-04-01,136374594.0,535778514.0,3690441053.0,577295247.0,3397547632.0,11041553491.0,2863846188.0,1283998259.0,2973172625.0,1838571927.0,-7.666356438241861,-3.160237534581134,-20.075580973384543,-21.755734903905232,6.020263811577586,-12.419182797986462,-11.541611228491655,15.326189566782954,-12.959544466507877,30.057971746708855
2024-05-01,140968321.0,514625006.0,3360434841.0,567502594.0,3138125472.0,9618070159.0,2961969676.0,1288284727.0,2607637858.0,1472632634.0,12.700787294369476,2.6463420429389206,-0.9714976101339201,-1.4331175357215176,8.521008365525141,-0.9865123497395212,7.561797185628882,10.046061404342566,-0.9135505391148158,10.706209420892044
2024-06-01,153183974.0,580278132.0,3746387631.0,550946940.0,3304786338.0,10790230787.0,3105550836.0,1180711675.0,3010054232.0,1625540316.0,3.847262279781205,0.9229482724066429,-3.4033963510463505,-15.124154702095948,2.062115666182329,-5.823881622036076,-6.008442452564933,30.60974840748141,3.3140871260446403,16.645369745281258
2024-07-01,159066755.0,563680015.0,3809125058.0,476067431.0,3124266091.0,11269257616.0,2968362768.0,1290481705.0,2941296519.0,1481061251.0,22.653005709962027,-10.62596575877065,-20.864161699828365,-17.746425351744865,1.2711197316280343,-4.16947478842572,-7.074743870892819,22.800716235315967,-0.8212940932035173,10.622337113586177
2024-08-01,115374428.0,514354145.0,3365171602.0,510820503.0,3100519790.0,8994382230.0,2699070240.0,955247322.0,2710080175.0,1449349534.0,1.7231381077581043,-21.78257143115835,-15.43775317002163,-4.490156892254193,5.849287492384869,-18.058937985028724,-8.098472558764314,-2.481984148141503,-5.59569969016136,-4.097058294512845
2024-09-01,118962099.0,513697893.0,3554604157.0,476120542.0,3067592581.0,10005211404.0,2745347317.0,1017223252.0,2807564414.0,1401217839.0,-9.419608922863887,-6.833271454073186,-2.521029044348122,-11.357099204252885,5.43200688863521,8.38964884280049,5.642373433626946,-18.563300521639693,0.9776292365572203,9.821022008788427
2024-10-01,124149274.0,640519900.0,3871382189.0,557509789.0,3556532242.0,11231840805.0,3067693711.0,1283453813.0,3224518820.0,1662484086.0,-2.507228760213731,26.390878039058595,10.54161994400522,3.0715869593692213,20.809031780011278,11.934069427076665,9.08716661824782,12.362428845835517,15.480906755099454,38.956651152937916
2024-11-01,,631795999.0,,240578612.0,3382671490.0,,,,,,,2.5536319610122593,,-54.48203424303891,3.0277621242487784,,,,,
